Employee Number,Last Name,First Name,Phone number,Address,State Zip
7443,Acosta,Kenyon,(636)206-6145,5 Philmont Ave. East Prairie,MO 63845
6095,Adkins,Makhi,(816)347-0128,8 Bury Ave. Latham,MO 65050
1176,Archer,Nash,(636)888-8954,8590 Trout St. Highlandville,MO 65669
6832,Arellano,Myah,(816)939-2254,87 Lake Forest Rd. Annapolis,MO 63620
6337,Atkins,Malaki,(573)494-9130,8706 Greystone St. Houston,MO 65483
3676,Ayala,Ramiro,(636)403-9622,545 Ridgewood Ave. Florissant,MO 63033
7185,Ayers,Marlene,(314)422-2504,8182 Clearance St. Pocahontas,MO 63779
6733,Ayers,Reese,(816)536-8253,453 Fordham Lane Linn,MO 65051
4950,Ball,Carter,(816)401-9350,9205 Hope Street Kansas City,MO 64999
5122,Barker,Ignacio,(314)775-8441,8158 Nicolls St. Saint Louis,MO 63113
2164,Barr,Harrison,(573)758-1100,8278 Laurel Lane Blackburn,MO 65321
5794,Barr,Princess,(660)953-2564,7974 Garfield Dr. Montreal,MO 65591
6376,Barton,Stephanie,(660)384-4311,111 Crescent St. Kansas City,MO 64194
1614,Baxter,Bryant,(417)274-9949,77 East Law Ave. Stoutland,MO 65567
6901,Beard,Arjun,(636)557-6798,751 National Dr. Cape Girardeau,MO 63701
5076,Bell,Eddie,(417)445-0533,70 San Juan Ave. Kansas City,MO 64192
5557,Beltran,Travis,(573)408-9348,21 Bridgewater Circle Saint Elizabeth,MO 65075
5174,Bennett,Kelvin,(417)638-5211,7517 Harvard St. Ironton,MO 63650
6957,Benton,Selah,(660)829-9919,854C Elm Street Leeton,MO 64761
9690,Berg,Jordyn,(314)909-3731,298 S. Museum Drive Saint Louis,MO 63182
5422,Berry,Yadiel,(314)733-7654,754 Cherry Hill St. Clever,MO 65631
3660,Bishop,Wade,(573)567-4916,159 East Windsor Drive Nevada,MO 64772
1086,Bolton,Denzel,(660)254-5771,9107 Lower Ave. Madison,MO 65263
5238,Bond,Eugene,(636)574-1283,78 Yukon Drive Collins,MO 64738
9412,Bonilla,Efrain,(660)733-6579,692 Kings Rd. Beaufort,MO 63013
8353,Booth,Roy,(816)860-9418,8010 Bridgewater Dr. Turney,MO 64493
9815,Boyle,Kenyon,(417)208-2564,61 Cambridge Drive Rocky Comfort,MO 64861
1993,Bright,Joseph,(417)205-8812,511 Vermont Lane Steele,MO 63877
3288,Brock,Kenna,(636)536-4372,5 Fifth Ave. Independence,MO 64055
9482,Brooks,Aryan,(636)323-6662,280 Oak Meadow Drive Pleasant Hope,MO 65725
4930,Bryant,Bryson,(417)445-9854,85 Tunnel Street Holcomb,MO 63852
3962,Burch,Kobe,(417)805-7844,73 SW. Bard Drive Blackburn,MO 65321
5351,Burgess,Marcos,(573)888-8257,32 Crescent Drive Saint James,MO 65559
1500,Burns,Devan,(417)988-5954,58 West Galvin St. Wardell,MO 63879
8541,Burton,Soren,(660)678-7349,295 Cherry Hill Court Marceline,MO 64658
1925,Cain,Rohan,(660)948-5304,705 Roosevelt Drive Strafford,MO 65757
6086,Campos,Konnor,(314)574-9428,510 Stone St. Saint Mary,MO 63673
7666,Cantu,Adriel,(816)231-6537,14 Rosewood Drive Prairie Home,MO 65068
8316,Carrillo,Greta,(816)528-0082,248 Rockland Lane Perryville,MO 63775
6730,Chan,Presley,(314)693-3733,8270 Wright Drive Clarksville,MO 63336
1903,Chandler,Maximus,(816)895-5189,8 Beechwood Dr. Dawn,MO 64638
7786,Chen,Elliana,(314)559-7199,99 Pumpkin Hill Ave. Brazeau,MO 63737
7271,Chen,Cannon,(573)467-8915,637 Crystal Road Springfield,MO 65897
6743,Clay,Gideon,(314)881-3670,549 S. Fortune St. Sturgeon,MO 65284
1282,Cohen,Madden,(417)557-7269,7168 Galvin Street Edgerton,MO 64444
1430,Collins,Valentin,(314)909-3613,92 North Vernon Rd. New London,MO 63459
1004,Conrad,Roland,(314)720-9346,9400 Ann Ave. Cape Girardeau,MO 63702
3821,Cooley,Maddox,(816)522-4415,73 S. Stone Avenue Mc Girk,MO 65055
8891,Cowan,Jefferson,(573)318-1704,73 Annadale St. Ballwin,MO 63022
5893,Craig,Duncan,(314)387-4745,946 Pennington Circle Denver,MO 64441
2767,Cross,Johnathan,(636)452-6852,8147 Sycamore Dr. Graff,MO 65660
9614,Curry,Memphis,(417)882-3438,9661 Pumpkin Hill Dr. Peace Valley,MO 65788
7356,Dalton,Haleigh,(314)266-7401,95 Catherine Court Gainesville,MO 65655
9423,Daniel,Talia,(417)441-8060,29 Nut Swamp Street Rolla,MO 65402
9540,Daniels,Marques,(573)622-5002,495 North Elizabeth Road Madison,MO 65263
3588,Davidson,Laney,(314)565-7797,94 Market Ave. Reeds,MO 64859
6495,Dickerson,Cannon,(314)529-7550,66 Pennsylvania St. Kansas City,MO 64116
3239,Dougherty,Ezekiel,(636)695-1896,27 Windsor St. Birch Tree,MO 65438
7017,Duke,Kasen,(314)878-0460,184 Sierra Drive Kansas City,MO 64129
1473,Dunn,Mekhi,(573)462-4055,555 W. Church Drive Independence,MO 64056
6659,Duran,Genesis,(417)891-0418,906 W. Chapel St. O Fallon,MO 63368
5779,Ellison,Deegan,(816)900-9740,925 Pinnacle Dr. Lanagan,MO 64847
1933,Esparza,Serenity,(314)695-5312,4 Amerige St. Pattonsburg,MO 64670
6043,Espinoza,Shyla,(314)368-1665,50 Inverness Street Alma,MO 64001
4902,Evans,Jacoby,(314)725-3595,68 Evergreen Ave. Mc Fall,MO 64657
9384,Farrell,Bruno,(660)355-2186,130 SW. Linda Lane Oldfield,MO 65720
9330,Ferguson,Aniya,(660)530-5734,9386 Fair Ave. Stoutsville,MO 65283
3254,Fields,Shirley,(417)485-7647,62 Locust Dr. Milan,MO 63556
7006,Fitzgerald,Javier,(573)545-4720,42 Creekside St. Plevna,MO 63464
3746,Floyd,Emiliano,(660)587-3040,4 Green Hill Street Bloomsdale,MO 63627
9035,Foley,Tommy,(573)646-2238,8448 Ebon Street Odessa,MO 64076
9988,Frost,Jadyn,(660)385-2169,7 West Bedford Lane Defiance,MO 63341
1169,Frye,Malcolm,(573)705-8918,7631C Lafayette Street Sarcoxie,MO 64862
2856,Fuller,Adrien,(816)884-6597,9936 Briarwood Dr. Truesdale,MO 63380
5314,Gallegos,Brandon,(573)796-9319,9048 Oklahoma Avenue Milo,MO 64767
8454,Gallegos,Moses,(816)776-4464,30 Wellness St. Saint Patrick,MO 63466
8382,Galloway,Dario,(417)778-9273,7 Amerige St. Saint Thomas,MO 65076
6797,Garcia,Cornelius,(816)873-3058,963 Surrey St. Saint Louis,MO 63106
4907,Garner,Josue,(573)402-6066,7703 Storm Court Independence,MO 64058
5226,Garner,Shaun,(636)203-1570,131 Talbot Ave. Pilot Grove,MO 65276
3506,Garrison,Adonis,(636)250-7549,59 Blackburn Street Dadeville,MO 65635
2227,Gilmore,Greta,(636)445-8025,9374 Lancaster Ave. Willow Springs,MO 65793
2850,Glass,Misael,(573)372-7113,225 Fox Dr. Jamestown,MO 65046
8271,Gomez,Nadia,(314)567-1359,7174 Moonlight Lane Maysville,MO 64447
8148,Gonzales,Terrell,(660)643-5940,16 Castle Court Lanagan,MO 64847
1418,Gonzalez,Danielle,(660)525-7060,256 Bush St. Jefferson City,MO 65103
6214,Gonzalez,Alivia,(816)560-7087,873 N. Bellevue Rd. Annapolis,MO 63620
6650,Good,Lea,(314)707-6039,3 Meadowbrook Lane Mindenmines,MO 64769
2478,Goodwin,Kasen,(314)963-2529,9490 S. Holly Street South West City,MO 64863
4151,Gordon,Maximus,(314)753-9941,393 Arch Rd. Avilla,MO 64833
4541,Gould,Chace,(417)846-8208,23 Summer Ave. Saint Joseph,MO 64503
1080,Grimes,Royce,(314)703-4427,33 Jackson Road Braymer,MO 64624
8767,Gross,Katie,(314)601-4474,702 New Saddle St. Leasburg,MO 65535
1818,Guzman,Sawyer,(573)796-1800,96 West High Ridge Street Shook,MO 63963
1529,Hahn,Triston,(417)933-4149,306 Holly St. Saint Louis,MO 63160
3417,Hahn,Jarrett,(816)799-4838,9944 Princess Lane High Point,MO 65042
9538,Hale,Tyshawn,(314)290-9152,1 N. Rockville St. Eagle Rock,MO 65641
2556,Harrell,Bryson,(660)367-1522,39 Lakewood Drive Stewartsville,MO 64490
4192,Harvey,Alfredo,(636)923-0140,389 West Haven Drive Bronaugh,MO 64728
6113,Hayden,Stephen,(660)236-2843,9868 Ruby Road Kansas City,MO 64114
6432,Hendrix,Cael,(573)349-3298,347 West Pennington Ave. Foster,MO 64745
1829,Hendrix,Bailey,(573)456-7584,8184 Bush St. Saint Louis,MO 63182
5349,Henry,Romeo,(417)993-0661,9393 Arch Ave. Sturgeon,MO 65284
6070,Hess,Malachi,(417)387-1759,687 Deerfield Lane Saint Louis,MO 63123
6620,Hess,Araceli,(660)533-4476,8941 Butcher Ave. Kansas City,MO 64193
1381,Hickman,Dylan,(660)464-0292,5 Ohio St. Saint Thomas,MO 65076
9165,Hicks,Lydia,(314)865-9031,7331 Clay St. Kansas City,MO 64999
6383,Hicks,Ernest,(417)727-7857,75 Castle Street Kansas City,MO 64188
8252,Hinton,Gia,(573)544-1639,7114 Oceanview St. Princeton,MO 64673
9689,Hooper,Nadia,(417)830-3153,8399 Bank Ave. Bunceton,MO 65237
5666,Hopkins,Josiah,(314)635-4227,939 Arch St. Lees Summit,MO 64081
4220,Hopkins,Cameron,(660)234-6416,504 Spruce Street Jefferson City,MO 65102
4250,Horton,Danny,(314)233-6981,7326 East Acacia St. Monett,MO 65708
7877,Horton,Janiyah,(314)723-4163,8 St Margarets St. Ballwin,MO 63011
9973,House,Dallas,(417)818-5636,389 Lotus Road Labadie,MO 63055
8214,Houston,Jaylon,(660)837-6246,7132 Courtland Drive Kansas City,MO 64152
2219,Hudson,Josephine,(417)882-2437,38 Sherwood Ave. Lexington,MO 64067
1725,Hughes,Vincent,(417)203-1555,537 Acorn Lane Kansas City,MO 64198
8455,Hughes,Cannon,(573)262-2499,43 NW. Bow Ridge St. Loose Creek,MO 65054
4039,Humphrey,Orlando,(660)479-5877,5 Coastline Avenue Whiteman Air Force Base,MO 65305
7907,Hurley,Samson,(314)404-7856,8 Bridge St. Dadeville,MO 65635
9791,Jackson,Isaiah,(660)220-7960,213 Proctor Ave. Hartshorn,MO 65479
1814,Jensen,Kayden,(417)362-7944,7 Lowland St. Saint Louis,MO 63143
1092,Jimenez,Arthur,(417)437-2568,453 Globe St. Pontiac,MO 65729
5849,Joyce,Kaila,(816)415-8722,8214 Clarity St. Saint Charles,MO 63303
3832,Juarez,Lea,(573)599-5978,13 Redwood Rd. Marquand,MO 63655
4488,Kaufman,Ben,(816)212-8931,762 Ivory St. Vanzant,MO 65768
8958,Kaufman,Kayla,(816)269-7988,732 West Dr. Vandalia,MO 63382
2861,Kerr,Ashlyn,(417)253-2517,34 E. Bush Drive Rothville,MO 64676
8923,Kidd,Waylon,(660)552-9067,178 Gilded St. Liberty,MO 64069
4856,Koch,Rylee,(314)497-9250,100 South Lakewood St. Barnhart,MO 63012
5368,Koch,Jaydin,(636)278-2995,1 Johnson Dr. Revere,MO 63465
5371,Krause,Joshua,(816)918-7114,752 W. Shadow Brook St. Duenweg,MO 64841
3606,Lambert,Pamela,(314)919-9931,56 Albany Circle Skidmore,MO 64487
6783,Landry,Rudy,(660)654-5157,9516 King St. Kimmswick,MO 63053
3641,Lane,Janiyah,(573)821-2369,91 Circus Ave. Tipton,MO 65081
9408,Le,Caitlyn,(314)365-5240,87 Arch Avenue Saint Louis,MO 63105
1668,Le,Maximillian,(314)755-9580,7 Smoky Hollow Drive Hermann,MO 65041
9238,Leblanc,Gia,(660)557-8742,485 Helen Rd. Truxton,MO 63381
8060,Lindsey,Leia,(314)752-7712,8290 Azure St. Saint Louis,MO 63136
1947,Lopez,Tristin,(816)423-5178,641 North Lakeview Avenue Clubb,MO 63934
9368,Lynn,Maverick,(417)678-2415,346 Vine Ave. Stark City,MO 64866
1246,Manning,Kyler,(636)736-1591,542 Bridgeton St. Caruthersville,MO 63830
3426,Marks,Regan,(816)674-8119,8689 Foxrun Rd. Jefferson City,MO 65107
2972,Marquez,Pamela,(636)299-3066,70 North Brown St. Adrian,MO 64720
2066,Massey,Derrick,(660)731-9779,9955 Lilypad Dr. Jasper,MO 64755
7810,Maxwell,Araceli,(636)529-4859,4 Smith Ave. Grandview,MO 64030
4081,Maynard,Dixie,(636)321-5613,326 Corporation Dr. Defiance,MO 63341
7511,Mccann,Jamir,(816)328-0872,1 Valley View Street Bethany,MO 64424
2082,Mcclain,Eli,(816)318-1517,7280C Inverness Street Kansas City,MO 64124
7516,Mccoy,Kaila,(417)208-3403,8036 North Paris Hill St. Garrison,MO 65657
3000,Mcguire,Alivia,(417)273-9221,4 Lower River St. Rothville,MO 64676
3790,Mcintosh,Kenneth,(314)445-1843,18 Inverness St. Bonnots Mill,MO 65016
4552,Melton,Wayne,(636)368-2558,421 Berry Court Meta,MO 65058
3473,Melton,Ace,(660)434-5111,936 Copper Rd. Martinsburg,MO 65264
2221,Miller,Tyson,(417)720-3682,88 Spring Ave. Powersite,MO 65731
7714,Mitchell,Talia,(314)477-1076,7418 Illinois Street Meta,MO 65058
4783,Montes,Derick,(573)440-8944,810 Ryan Road Holcomb,MO 63852
6621,Moon,Ross,(314)262-8791,7579 Lexington Circle Galena,MO 65656
7002,Moon,Emery,(816)380-9203,9939 East Galvin Street Kansas City,MO 64138
4681,Morales,Abel,(314)568-7158,3 Nightingale Ave. Mexico,MO 65265
6838,Morales,Erick,(816)412-2403,8843 Bay Meadows Drive Mora,MO 65345
3066,Moyer,Clare,(314)298-4534,811 St Paul Ave. West Alton,MO 63386
1350,Moyer,Jaeden,(816)226-7646,10 Maple Rd. Udall,MO 65766
9147,Munoz,Addisyn,(314)334-9228,29 West Lowland Drive Saint Louis,MO 63123
7971,Murillo,Caitlyn,(816)819-1719,515 South Trenton St. Kansas City,MO 64113
2125,Nguyen,Jalen,(573)337-5250,712 Hilltop St. Powersite,MO 65731
1949,Nichols,Quincy,(314)720-6982,96 Livingston St. Ballwin,MO 63022
2203,Nicholson,Jaidyn,(816)801-9680,287 S. Parkside St. Preston,MO 65732
6160,Nixon,Bryce,(573)301-1641,835 Edgemont Rd. Lodi,MO 63950
7970,Nolan,Toby,(816)995-7149,96 Forest St. Holland,MO 63853
9525,Norton,Alma,(816)378-5212,994 N. Military Street Iberia,MO 65486
2534,Nunez,Maximus,(314)664-1785,8871 SW. Summerhouse St. Saint Louis,MO 63116
5356,Padilla,Julian,(573)386-9010,7874 Petal Drive Gray Summit,MO 63039
2810,Park,Gerardo,(417)622-8277,9040 Manhattan Street Marshfield,MO 65706
5801,Patton,Josephine,(636)779-9888,4 Lake View Street Kansas City,MO 64183
8645,Phillips,Angelo,(573)710-3202,601 Golf Ave. Houstonia,MO 65333
9134,Poole,Kyan,(314)607-9938,94 Walnut wood St. Kearney,MO 64060
1424,Pope,Dawson,(573)466-9742,7999 Cherry Hill Dr. Middle Brook,MO 63656
1694,Proctor,Taylor,(816)438-3866,134 Hope Ave. Saverton,MO 63467
8762,Reynolds,Rylee,(573)388-2725,897 Bayberry Dr. Kansas City,MO 64164
8128,Richard,Jovanni,(573)265-4428,7930 Military Street Oldfield,MO 65720
5005,Riddle,Laney,(417)310-6405,9222 East Olive St. Kansas City,MO 64153
6239,Rivas,Brenton,(417)868-3123,802 Starlight Ave. Devils Elbow,MO 65457
6936,Robbins,Precious,(816)615-2666,8486 Alderwood Drive Edgerton,MO 64444
3144,Robertson,Joaquin,(417)597-8621,678 South Smith Ave. Emden,MO 63439
5158,Robinson,Muhammad,(417)561-0722,8743 Penrose Road Burlington Junction,MO 64428
1859,Robles,Stephanie,(314)821-7803,79 2nd Drive High Ridge,MO 63049
3965,Ross,Maximilian,(314)865-2200,66 Theater Street Yukon,MO 65589
3331,Rowland,Salvatore,(314)856-1852,744 Feathers Rd. Baring,MO 63531
8285,Rubio,Kyson,(417)747-6634,8779 Country Club St. Mc Fall,MO 64657
6115,Rush,Bryson,(314)687-7878,567 E. Grotto Ave. Rolla,MO 65402
1712,Rush,Brylee,(816)821-3356,9405 SE. Beaver Ridge Avenue Morse Mill,MO 63066
7343,Ryan,Pranav,(314)952-6923,89 Hudson Street Urich,MO 64788
5959,Salinas,Gerardo,(573)230-4515,7557 Old Armstrong Ave. Senath,MO 63876
9106,Sampson,Glenn,(573)732-8315,201 Orchard St. Bridgeton,MO 63044
6688,Sanford,Haleigh,(314)808-1971,82 Bridgeton Street Springfield,MO 65814
3934,Sawyer,Conrad,(816)560-7842,177 Coach Street Flinthill,MO 63346
9831,Schmidt,Braxton,(314)734-8589,8 Ryan Drive East Lynne,MO 64743
8014,Schmitt,Harley,(660)493-1408,8210 West Kingston Drive Trimble,MO 64492
1646,Serrano,Gael,(816)503-7595,409 Middle River Dr. Columbia,MO 65203
7262,Shah,Marlene,(816)308-7246,65 Studebaker St. Stet,MO 64680
8612,Sherman,Steve,(573)206-3120,55 South Addison Ave. Worth,MO 64499
1472,Sherman,Grayson,(573)217-1657,672 St Paul Court Barnard,MO 64423
7889,Singh,Casey,(573)565-4327,368 Crescent Ave. Bellflower,MO 63333
6673,Singleton,Lilyana,(314)721-9376,32 Beach Ave. Brixey,MO 65618
5621,Sloan,Zariah,(314)434-3161,29 Franklin Street Arrow Rock,MO 65320
3911,Sosa,Roderick,(314)288-2469,8010 Illinois Circle Ewing,MO 63440
3312,Stafford,Serenity,(660)639-2057,260 Fletcher St. Ludlow,MO 64656
6082,Stanley,Kael,(314)823-9394,681 Hind Ave. Broseley,MO 63932
8627,Stone,Milton,(816)288-0476,394 Kingston St. Saint Peters,MO 63376
5378,Suarez,Alonzo,(636)233-1144,7231 Fairground Court Ridgeway,MO 64481
1141,Sweeney,Abram,(573)568-0449,8307 Silver Spear Street Saint Louis,MO 63150
4696,Taylor,Matilda,(816)278-6720,3 Woodland St. Kansas City,MO 64167
5564,Thomas,Eugene,(636)337-7388,78 Fairview St. Clifton Hill,MO 65244
1258,Thompson,Brogan,(314)332-8069,7258 West Aurora St. Harviell,MO 63945
8209,Thompson,Ignacio,(636)517-3271,859 Inverness St. Pomona,MO 65789
5784,Torres,Sage,(816)855-7610,307 Serenity Street Branson,MO 65616
2071,Townsend,Lydia,(636)649-6610,4 San Pablo Ave. Jefferson City,MO 65110
1269,Travis,Nikhil,(314)368-9499,7097 Star Ave. Saint Louis,MO 63146
9231,Travis,Myah,(816)447-6131,7841 Laurel Lane De Kalb,MO 64440
5408,Tucker,Emely,(573)256-8643,8388 Williams St. Downing,MO 63536
5459,Tyler,Selah,(660)488-3957,291 East Marshall Street Kansas City,MO 64165
5385,Valenzuela,Aniya,(816)206-8036,664 Providence Road Carterville,MO 64835
1807,Vega,Cordell,(573)979-6404,38 Myrtle St. King City,MO 64463
8816,Vega,Alma,(660)651-7389,794 Lake Forest St. Mooresville,MO 64664
1156,Velasquez,Felipe,(314)854-1920,8121 Squaw Creek Drive Kansas City,MO 64153
3059,Velasquez,Conner,(417)653-1761,268 W. Chapel Lane Kansas City,MO 64167
6845,Velazquez,Ethan,(636)525-0438,755 North Valley St. Farmington,MO 63640
8930,Villarreal,Kaleb,(816)277-4841,851 Dew Drive Hazelwood,MO 63042
4377,Villegas,Brenna,(816)606-8827,561 Rock Creek St. Grubville,MO 63041
7214,Wagner,Yadiel,(573)791-8462,33 Hawthorne Lane Williamstown,MO 63473
5344,Walsh,Agustin,(417)258-3899,9956 North Grand Rd. Anderson,MO 64831
2957,Watts,Brenna,(573)677-4970,24 Beach Dr. Independence,MO 64056
1188,Webb,Oscar,(417)674-2799,94 S. Lees Creek Drive Freeburg,MO 65035
6344,Weeks,Deven,(573)513-2367,72 Azure Dr. Marthasville,MO 63357
8450,Welch,Hanna,(314)439-9796,361 North Country Street Burfordville,MO 63739
3485,West,Judah,(314)346-5750,548 Oak Valley Road Pickering,MO 64476
4428,Wheeler,Hunter,(816)372-0515,9901 Arctic St. Rothville,MO 64676
1639,Whitaker,Angelina,(573)757-0728,10 South Indian Summer St. Saint Joseph,MO 64502
9197,Whitney,Reuben,(314)342-6033,961 Harvard Drive Yukon,MO 65589
8513,Wilkins,Amir,(636)288-3907,728 Winter Drive Osage Beach,MO 65065
2766,Winters,Andy,(816)558-1487,56 Green Lake Court Kansas City,MO 64118
2479,Wise,Ava,(636)287-4895,849 Creekside Drive Irondale,MO 63648
7945,Wolfe,Maxim,(573)730-1456,31 Broad St. Glenwood,MO 63541
6110,Woodard,Yurem,(417)541-6352,1 E. Sun St. Harris,MO 64645
3916,Woods,Leon,(314)406-1582,8299 Circus Street Gideon,MO 63848
5149,Yoder,Dashawn,(417)255-0292,80 Glenlake St. Lees Summit,MO 64002
5070,Zuniga,Hanna,(314)596-5104,929 SE. Gravel Street Whiteside,MO 63387
9425,Zuniga,Jamar,(314)894-1599,9525C Corona Lane Independence,MO 64058